STR,CHROM,START,END,LEN,PREFIX,SUFFIX
DYS19,chrY,9521989,9522052,20,TTAAGGAGAGTGTCACTATA,AAACACTATATATATATAAC
DYS390,chrY,17274947,17275050,20,AAGGAAAGATAGATAGATGA,ATATATTATGGGGTACCAAA
DYS391,chrY,14102795,14102838,20,CACCCATATCTGTCTGTCTG,TCTGCCTATCTGCCTGCCTA
DYS392,chrY,22633873,22633911,20,CCAATCCCATTCCTTAGTAA,AATAAATGGTGATACAAGAA
DYS437,chrY,14466994,14467057,20,GTGAGTGCATGCCCATCCGG,TCATCTATCATCTGTGAATG
DYS438,chrY,14937824,14937873,20,GTTGAACGGTAAACAGTATA,TATTTGAAATGGAGTTTCAC
DYS439,chrY,14515312,14515363,20,CAGATAGATGATAAATAGAA,GAAAGTATAAGTAAAGAGAT
DYS448,chrY,24365069,24365226,20,GGGAGATAGAGACATGGATA,GAGAGGTAAAGATAGAGATA
DYS460,chrY,21050842,21050881,20,ATTATGTATTTGTCTATTAT,GTCAGAGGTGTCAGATTCCT
DYS481,chrY,8426378,8426446,20,TAACGCTGTTCAGCATGCTG,TGAGTCTTGCAACCTTCTGG
DYS505,chrY,3640831,3640878,20,CTTTCTCTGTTCTTTTTCTC,TCTTTCCCTCCTTCTTTCTC
DYS522,chrY,7415626,7415665,20,AATACATAGATAAATAGATG,ACAGATGTCCACCATGAGGT
DYS533,chrY,18393229,18393276,20,CTTTCTAGCTAGCTATCATC,ATCTATCATCTTCTATTGTT
DYS549,chrY,21520224,21520275,20,TGATAGATGATTAGAAAGAT,GAAAAAATCTACATAAACAA
DYS570,chrY,6861231,6861301,20,GCTGTGTCCTCCAAGTTCCT,TTGTAGATAGGGAATATCTG
DYS576,chrY,7053359,7053429,20,CAAGACCTCATCTCTGAATA,AAGCCAAGACAAATACGCTT
DYS612,chrY,15752608,15752715,20,CACACAGGTTCAGAGGTTTG,GTCACTTTTCCAAATTATTT
DYS635,chrY,14379564,14379655,20,AATGGATAAAGAAAATGTGA,GATTCTATGCAAAGTGAGAA
DYS643,chrY,17426012,17426066,20,GCCTGGTTAAACTACTGTGC,CTTTCTTTTTAAAACTTTTT
YGATAH4,chrY,18743553,18743600,20,CATCCATCTAATCTATCCAT,CCTACCTACCTATCTATCTA
DXS10074,chrX,66977187,66977242,20,AGAGAGAGAGAGAGAAAAAG,AAGGAAGAAAATAGAACAAA
DXS10103,chrX,133418989,133419068,20,TGCATGCACATACACATAAC,TATTCATTCCCCTGGTTCTG
DXS10135,chrX,9306342,9306440,20,CTAAAGTCAAATGGGGCTAC,AGAATAGAAAAGAAGAGAAG
DXS7132,chrX,64655527,64655585,20,GAGAAACAGAACCAATAGGA,TCAGATAGATGAGAGGGGAT
DXS7423,chrX,149710971,149711038,20,CAAATAAATGAATGAGTATG,TGGGGAGGAAATCTGGGTGA
DXS8378,chrX,9370302,9370341,20,AAAAAATAAATAAATAAAAT,TGACCTGCCAGGAGCAGGGG
HPRTB,chrX,133615539,133615590,20,ATCTCTATCTGTCTATCTCT,AAAGCAAATTCATGCCCTTC
D1S1656,chr1,230905352,230905429,20,TATATATACATACAATTAAA,CATCACACAGTTGACCCTTG
TPOX,chr2,1493425,1493456,20,CACTTAGGGAACCCTCACTG,TTTGGGCAAATAAACGCTGA
D2S441,chr2,68239079,68239126,30,GCCAGGAACTGTGGCTCATCTATGAAAACT,TATCATAACACCACAGCCACTTAGCTCCAA
D2S1338,chr2,218879582,218879673,30,GTTATTCAGTAAGTTAAAGGATTGCAGGAG,AGGCCAAGCCATTTCTGTTTCCAAATCCAC
D3S1358,chr3,45582231,45582294,30,ACTCATGAAATCAACAGAGGCTTGCATGTA,TGAGACAGGGTCTTGCTCTGTCACCCAGAT
D4S2408,chr4,31304420,31304455,30,GGTACATAACAGTTCAATAGAAAGCTATGC,AATGGTTACTATTTTTCAGTCATTTCAGTG
FGA,chr4,155508888,155508975,20,GCAAAAAAGAAAGGAAGAAA,CTAGCTTGTAAATATGCCTA
D5S818,chr5,123111242,123111301,20,CTTTATCTGTATCCTTATTT,TTACATAAGGATACCAAAGA
CSF1PO,chr5,149455887,149455938,30,CTGTGTCAGACCCTGTTCTAAGTACTTCCT,AATCTATCTATCTTCTATCTATGAAGGCAG
D6S1043,chr6,92449943,92449990,30,TTGTATGAGCCACTTCCCATAATAAATCCT,GATCTATCAATCTATTGATCCACCCATCCT
D7S820,chr7,83789540,83789591,30,TTAGTGAGATTAAAAAAAACTATCAATCTG,TCGTTAGTTCGTTCTAAACTATGACAAGTG
D8S1179,chr8,125907107,125907158,30,GTATTTTTGTATTTCATGTGTACATTCGTA,TTCCCCACAGTGAAAATAATCTACAGGATA
D9S1122,chr9,79688742,79688789,30,TGGGGGTATTTCAAGATAACTGTAGATAGG,TATTAATAGGTAAACTAGAAGCTTTCAGAA
D10S1248,chr10,131092508,131092559,30,CATATTAATGAATTGAACAAATGAGTGAGT,ATGAAGACAATACAACCAGAGTTGTTCCTT
TH01,chr11,2192318,2192345,30,CAGGTCACAGGGAACACAGACTCCATGGTG,AGGGAAATAAGGGAGGAACAGGCCAATGGG
vWA,chr12,6093143,6093210,30,ATAAATACATAGGATGGATGGATAGATGGA,TCAATCCAAGTCACATACTGATTATTCTTA
D12S391,chr12,12449954,12450029,30,AGAATCAACAGGATCAATGGATGCATAGGT,GAGAGGGGATTTATTAGAGGAATTAGCTCA
D13S317,chr13,82722160,82722214,20,ATCTGTATTTACAAATACAT,TATCTATCTTTCTGTCTGTC
D16S539,chr16,86386308,86386351,30,CCTAGATCAATACAGACAGACAGACAGGTG,TCATTGAAAGACAAAACAGAGATGGATGAT
D17S1301,chr17,72680994,72681041,30,CATGCATGTGTTTATTTATACATATGTGTG,CCATCATAGGAATTTTGTTATACACATTTT
D18S51,chr18,60948900,60948981,29,CTCTGAGTGACAAATTGAGACCTTGTCTC,GAAAGAAAGAGAAAAAGAAAAGAAATAGT
D19S433,chr19,30417125,30417205,15,CCGAATAAAAATCTT,CAACAGAATCTTATT
D20S482,chr20,4506338,4506393,20,AGAGACACCGAACCAATAAG,AGAGATTTATTATAGGAATT
D21S11,chr21,20554291,20554417,30,ATGTGAGTCAATTCCCCAAGTGAATTGCCT,TCGTCTATCTATCCAGTCTATCTACCTCCT
PentaD,chr21,45056086,45056175,5,ATCTC,TCATA
PentaE,chr15,97374242,97374269,17,GAGAAAACTCCTTACAA,GAGACTGAGTCTTGCTC
D22S1045,chr22,37536327,37536377,30,GGCTAGATTTTCCCCGATGATAGTAGTCTC,GTTATAAAAATATTGCCAATCATACATTCG